{
  "volatility": {
    "min": 0.0048388964368616975,
    "max": 0.03264860274678433
  },
  "features": {
    "beta": {
      "min": 0.25,
      "max": 0.25
    },
    "rho": {
      "min": -0.25,
      "max": -0.04999999999999999
    },
    "volvol": {
      "min": 0.15,
      "max": 0.25
    },
    "v_atm_n": {
      "min": 0.005,
      "max": 0.02
    },
    "alpha": {
      "min": 0.005915398476849703,
      "max": 0.07216719751684142
    },
    "F": {
      "min": 0.01,
      "max": 0.5
    },
    "K": {
      "min": 0.0075,
      "max": 0.75
    },
    "log_moneyness": {
      "min": -0.28768207245178107,
      "max": 0.40546510810816455
    }
  },
  "derivatives": {
    "dV_dbeta": {
      "min": -0.002671043049968771,
      "max": 0.004597020243694374
    },
    "dV_drho": {
      "min": -0.008765740945595572,
      "max": 0.015096565666159032
    },
    "dV_dvolvol": {
      "min": -0.00159130229652867,
      "max": 0.06561205736007147
    },
    "dV_dvatm": {
      "min": 0.7709009124678964,
      "max": 1.2695284956175845
    },
    "dV_dF": {
      "min": -0.8241486796880065,
      "max": 0.07053784644716096
    },
    "dV_dK": {
      "min": -0.07019279699883127,
      "max": 0.6394406587600049
    }
  }
}