{
    "y_min": 0.0048388964368616975,
    "y_max": 0.03264860274678433,
    "X_min": {
        "rho": -0.25,
        "volvol": 0.15,
        "v_atm_n": 0.005,
        "alpha": 0.005915398476849703,
        "F": 0.01,
        "K": 0.0075,
        "log_moneyness": -0.28768207245178107
    },
    "X_max": {
        "rho": -0.04999999999999999,
        "volvol": 0.25,
        "v_atm_n": 0.02,
        "alpha": 0.07216719751684142,
        "F": 0.5,
        "K": 0.75,
        "log_moneyness": 0.40546510810816455
    }
}