{
  "volatility": {
    "min": 0.004980542299807463,
    "max": 0.03559844727334171
  },
  "features": {
    "beta": {
      "min": 0.25109062834387047,
      "max": 0.9897910782317366
    },
    "rho": {
      "min": -0.24999418262231693,
      "max": 0.24843712592297368
    },
    "volvol": {
      "min": 0.15050615838462186,
      "max": 0.2496333916056742
    },
    "v_atm_n": {
      "min": 0.0050020203950672795,
      "max": 0.019991205886559997
    },
    "alpha": {
      "min": 0.006953081475618854,
      "max": 0.7336339960706262
    },
    "F": {
      "min": 0.01370580873928964,
      "max": 0.4974844954131859
    },
    "K": {
      "min": 0.010279356554467229,
      "max": 0.7462267431197789
    },
    "log_moneyness": {
      "min": -0.28768207245178107,
      "max": 0.40546510810816455
    }
  },
  "derivatives": {
    "dV_dbeta": {
      "min": -0.0026235649868569253,
      "max": 0.004847235529486463
    },
    "dV_drho": {
      "min": -0.009530260835698318,
      "max": 0.0145350213566341
    },
    "dV_dvolvol": {
      "min": -0.001307666171525359,
      "max": 0.06916111527741098
    },
    "dV_dvatm": {
      "min": 0.6745704151546793,
      "max": 1.3291492759295216
    },
    "dV_dF": {
      "min": -0.7184478845376425,
      "max": 0.06562146214091749
    },
    "dV_dK": {
      "min": -0.06506346491307814,
      "max": 0.6132742378793262
    }
  }
}