{
    "y_min": 0.005013970711499845,
    "y_max": 0.03456166358823127,
    "X_min": {
        "beta": 0.2500926026798659,
        "rho": -0.2499735865338516,
        "volvol": 0.15003070750337555,
        "v_atm_n": 0.005000721858414677,
        "alpha": 0.0068183527097667755,
        "F": 0.01000570103012941,
        "K": 0.008016003641665324,
        "log_moneyness": -0.28765135407821263
    },
    "X_max": {
        "beta": 0.9899443718565506,
        "rho": 0.24995048850461582,
        "volvol": 0.24992072989434408,
        "v_atm_n": 0.01999576509929196,
        "alpha": 0.9943048302017898,
        "F": 0.4997593098752495,
        "K": 0.740156720625924,
        "log_moneyness": 0.40530169737840444
    }
}