{
    "mean": [
        -0.021392662078142166,
        1.1552109718322754,
        0.5332553386688232
    ],
    "std": [
        1.0745940208435059,
        24.30295181274414,
        0.9331935048103333
    ]
}