{
    "y_min": 0.0045258641830426905,
    "y_max": 0.036916491491324525,
    "X_min": {
        "beta": 0.2500237360037863,
        "rho": -0.49988017324358225,
        "volvol": 0.15000777058303355,
        "v_atm_n": 0.005000956887379289,
        "alpha": 0.010865889216120788,
        "F": 0.010002400064840914,
        "K": 0.007710729872815379,
        "log_moneyness": -0.2876116846375494
    },
    "X_max": {
        "beta": 0.9899471434392035,
        "rho": 0.4999263323843479,
        "volvol": 0.44999369820579893,
        "v_atm_n": 0.029999406794086098,
        "alpha": 13.146206587217602,
        "F": 0.059997244076803326,
        "K": 0.08892540565389119,
        "log_moneyness": 0.40543769844349076
    }
}