{
    "y_min": 0.0042302938304342235,
    "y_max": 0.03709299817712812,
    "X_min": {
        "beta": 0.25000955890864135,
        "rho": -0.49997585359960794,
        "volvol": 0.1500133154913783,
        "v_atm_n": 0.005002249097451568,
        "alpha": 0.011862420611059923,
        "F": 0.010001292154192924,
        "K": 0.0077797880478515866,
        "log_moneyness": -0.28760898772084686
    },
    "X_max": {
        "beta": 0.9899813273921609,
        "rho": 0.49997280165553093,
        "volvol": 0.4499953181482852,
        "v_atm_n": 0.029998554913327098,
        "alpha": 60.75265548402327,
        "F": 0.049996012821793556,
        "K": 0.0741766842585896,
        "log_moneyness": 0.40543542595153925
    }
}