{
    "y_min": 0.0045745867931534165,
    "y_max": 0.02344117531559475,
    "X_min": {
        "beta": 0.2500926026798659,
        "rho": -0.2499735865338516,
        "volvol": 0.15003070750337555,
        "v_atm_n": 0.005000721858414677,
        "alpha": 0.012373748988777201,
        "F": 0.010000465390214645,
        "K": 0.007634568061518737,
        "log_moneyness": -0.28765135407821263
    },
    "X_max": {
        "beta": 0.9899443718565506,
        "rho": 0.24995048850461582,
        "volvol": 0.24992072989434408,
        "v_atm_n": 0.01999576509929196,
        "alpha": 1.5921614172727638,
        "F": 0.04998035182655098,
        "K": 0.07404898469597954,
        "log_moneyness": 0.40530169737840444
    }
}