{
    "type": "z_score",
    "features": {
        "beta": {
            "mean": 0.620000024340873,
            "std": 0.21365569592627653
        },
        "rho": {
            "mean": 1.5638466676078266e-05,
            "std": 0.46201248049800536
        },
        "volvol": {
            "mean": 0.45000000679437074,
            "std": 0.2021232291417445
        },
        "v_atm_n": {
            "mean": 0.027499959596265063,
            "std": 0.012993570438957163
        },
        "alpha": {
            "mean": 0.2250072905053695,
            "std": 0.10105101679916338
        },
        "F": {
            "mean": 0.040001350236609536,
            "std": 0.017321910259936703
        },
        "K": {
            "mean": 0.046430530092691547,
            "std": 0.024003420581812276
        },
        "log_moneyness": {
            "mean": 0.09656577047884321,
            "std": 0.6297341827349839
        }
    },
    "targets": {
        "volatility": {
            "mean": 1.1818784050601667,
            "std": 1.6114912987006904
        },
        "dV_dbeta": {
            "mean": -5.343769174600833,
            "std": 14.617388703079943
        },
        "dV_drho": {
            "mean": 0.10867559029396383,
            "std": 0.24036748378394224
        },
        "dV_dvolvol": {
            "mean": 0.10375796850818332,
            "std": 0.2655814954644719
        },
        "dV_dalpha": {
            "mean": 5.82604992555,
            "std": 9.094306697688417
        },
        "dV_dF": {
            "mean": -17.133549619664734,
            "std": 89.25068840128702
        },
        "dV_dK": {
            "mean": -18.22977373942272,
            "std": 98.79856200004737
        }
    }
}