{
  "volatility": {
    "min": 0.004524558404405081,
    "max": 0.024553113658687294
  },
  "features": {
    "beta": {
      "min": 0.25109062834387047,
      "max": 0.9897910782317366
    },
    "rho": {
      "min": -0.24999418262231693,
      "max": 0.24843712592297368
    },
    "volvol": {
      "min": 0.15050615838462186,
      "max": 0.2496333916056742
    },
    "v_atm_n": {
      "min": 0.0050020203950672795,
      "max": 0.019991205886559997
    },
    "alpha": {
      "min": 0.013180348296686843,
      "max": 1.5633094510201573
    },
    "F": {
      "min": 0.010302514999125685,
      "max": 0.04979465268679069
    },
    "K": {
      "min": 0.0077268862493442645,
      "max": 0.07469197903018604
    },
    "log_moneyness": {
      "min": -0.28768207245178107,
      "max": 0.40546510810816455
    }
  },
  "derivatives": {
    "dV_dbeta": {
      "min": -0.002722471888625521,
      "max": 0.0047362541543581075
    },
    "dV_drho": {
      "min": -0.001510019901651438,
      "max": 0.0029963106665917847
    },
    "dV_dvolvol": {
      "min": -0.0012442521648407857,
      "max": 0.005899447816972226
    },
    "dV_dvatm": {
      "min": 0.8405218090677138,
      "max": 1.2474147453411666
    },
    "dV_dF": {
      "min": -1.0968026135119637,
      "max": 0.023349601407016838
    },
    "dV_dK": {
      "min": -0.01390736286068764,
      "max": 0.886932800987783
    }
  }
}